<?xml version="1.0" encoding="UTF-8" ?>
<!DOCTYPE mapper
        PUBLIC "-//mybatis.org//DTD Mapper 3.0//EN"
        "http://mybatis.org/dtd/mybatis-3-mapper.dtd">
<mapper namespace="com.cykj.mapper.AccountedMapper">

    <select id="findAccounts" resultMap="accountsMap">
        select p.*,carNum from tb_park p,tb_car car where p.carId = car.carId
        and p.enterTime &gt;= #{startTime} and p.enterTime &lt;= #{endTime}
        limit ${startIndex}, ${endIndex}
    </select>

    <resultMap id="accountsMap" type="com.cykj.bean.MyAccounted">
        <result property="enterTime" column="enterTime"></result>
        <result property="outTime" column="outTime"></result>
        <result property="carNum" column="carNum"></result>
    </resultMap>

</mapper>