<?xml version="1.0" encoding="UTF-8" ?>
<!DOCTYPE mapper
        PUBLIC "-//mybatis.org//DTD Mapper 3.0//EN"
        "http://mybatis.org/dtd/mybatis-3-mapper.dtd">
<mapper namespace="com.cykj.mapper.AdminMapper">

    <select id="findAdminPage" parameterType="java.util.Map" resultMap="adminMap">
        select l.*,u.userRole from tb_admin l,tb_role u where l.roleIds = u.roleId and aName like concat('%',#{aName},'%')
        <if test="beginTime != null">
            and regTime >= #{beginTime}
        </if>
        <if test="endTime != null">
            and regTime &lt;= #{endTime}
        </if>
        order by aId desc limit #{offset}, #{limit}
    </select>

    <resultMap id="adminMap" type="com.cykj.bean.TbAdmin">
        <id property="aId" column="aId"></id>
        <result property="account" column="account"></result>
        <result property="aName" column="aName"></result>
        <result property="apwd" column="apwd"></result>
        <result property="roleIds" column="roleIds"></result>
        <result property="regTime" column="regTime"></result>
        <association property="tbRole" column="roleId" javaType="com.cykj.bean.TbRole">
            <id property="roleId" column="roleId" ></id>
            <result property="userRole" column="userRole"></result>
        </association>
    </resultMap>

    <select id="findAdminNum" resultType="java.lang.Integer">
        select count(*) from tb_admin l,tb_role u where l.roleIds = u.roleId and aName like concat('%',#{aName},'%')
        <if test="beginTime != null">
            and regTime >= #{beginTime}
        </if>
        <if test="endTime != null">
            and regTime &lt;= #{endTime}
        </if>
    </select>

    <select id="login" resultType="com.cykj.bean.TbAdmin">
        select * from  tb_admin where account=#{name} and apwd=#{pwd}
    </select>

<delete id="delAdminById">
    delete from tb_admin where aId=#{aid}
</delete>
<!--    后台添加用户-->
    <insert id="insertAdminUser" parameterType="com.cykj.bean.TbAdmin">
        insert into tb_admin(account,apwd,aName,roleIds,regTime) value (#{account},#{apwd},#{aName},#{roleIds},sysDate())
    </insert>
<!--    后台修改用户-->
    <update id="updateAdminUser">
        update tb_admin set  aName=#{aName} where aId=#{aId}
    </update>
<!--    <update id="changeState">-->
<!--        update tb_admin set userState=#{userState} where userId=#{userId}-->
<!--    </update>-->
<!--<select id="">-->
<!--    select * from tb_admin where aName like (%,#{aName},%)-->
<!--</select>-->
</mapper>