<?xml version="1.0" encoding="UTF-8" ?>
<!DOCTYPE mapper
        PUBLIC "-//mybatis.org//DTD Mapper 3.0//EN"
        "http://mybatis.org/dtd/mybatis-3-mapper.dtd">
<mapper namespace="com.cykj.mapper.BackUserMapper">

    <select id="findUserPage" parameterType="java.util.Map" resultMap="userlog">
        select * from tb_user where userName like concat('%',#{userName},'%')
        <if test="beginTime != null">
            and regtime >= #{beginTime}
        </if>
        <if test="endTime != null">
            and regtime &lt;= #{endTime}
        </if>
        order by userId desc limit #{offset}, #{limit}
    </select>

    <resultMap id="userlog" type="com.cykj.bean.TbUser">
        <id property="userId" column="userId"></id>
        <result property="account" column="account"></result>
        <result property="password" column="password"></result>
        <result property="userName" column="userName"></result>
        <result property="sex" column="sex"></result>
        <result property="email" column="email"></result>
        <result property="userState" column="userState"></result>
    </resultMap>

    <select id="findUserNum" resultType="java.lang.Integer">
        select count(*) from tb_user where  userName like concat('%',#{userName},'%')
        <if test="beginTime != null">
            and regtime >= #{beginTime}
        </if>
        <if test="endTime != null">
            and regtime &lt;= #{endTime}
        </if>
    </select>

    <select id="selectAccount" resultType="com.cykj.bean.TbUser">
        select * from  tb_user where account=#{account}
    </select>


    <!--    角色关系-->
    <delete id="deFrontUser"><!--    前台用户删除-->
        delete from tb_user where userId=#{userId}
    </delete>

    <update id="changeState">
        update tb_user set userState=#{userState} where userId=#{userId}
    </update>

    <insert id="insertUser" parameterType="com.cykj.bean.TbUser" >
        insert into tb_user(account,password,userName,sex,phone,email,regTime) value (#{account},#{password},#{userName},#{sex},#{phone},#{email},sysDate())
    </insert>

    <update id="updateUser">
        update tb_user set userName=#{userName},phone=#{phone},email=#{email} where userId=#{userId}
    </update>

</mapper>
