<?xml version="1.0" encoding="UTF-8" ?>
<!DOCTYPE mapper
        PUBLIC "-//mybatis.org//DTD Mapper 3.0//EN"
        "http://mybatis.org/dtd/mybatis-3-mapper.dtd">
<mapper namespace="com.cykj.mapper.BookingMapper">

<!--    添加 预约记录 记录-->
    <insert id="addBooking">
        insert into tb_booking(carId, placeId, temporaryPhone, bookingTime, bookingState)
         values (#{carId},#{placeId},#{temporaryPhone},#{bookingTime},#{bookingState});
    </insert>

<!--    修改状态 为已过期-->
    <update id="updateBookingState">
        update  tb_booking set bookingState = #{bookingState} where bookingId = #{bookingId}
    </update>

    <delete id="delBooking">
        delete from tb_booking where bookingId = #{bookingId}
    </delete>

<!--    查询是否已预约-->
    <select id="whetherBooking" resultType="com.cykj.bean.TbBooking">
        select * from tb_booking where carId = #{carId} and bookingState = #{bookingState}
    </select>

<!-- 根据carId 预约记录  -->
    <select id="findBookingByCarId" resultMap="bookingMap">
        select * from tb_booking b ,tb_car c ,tb_place p,tb_parameter par
        where b.carId = c.carId and b.placeId = p.placeId and b.bookingState = par.pId and b.carId = #{carId};
    </select>

<!--   根据carId  预约记录条数-->
    <select id="findBookingCountByCarId" resultType="Integer">
        select count(*) from tb_booking b ,tb_car c ,tb_place p,tb_parameter par
        where b.carId = c.carId and b.placeId = p.placeId and b.bookingState = par.pId and b.carId = #{carId};
    </select>

    <!-- 不根据carId 预约记录  -->
    <select id="findBooking" resultMap="bookingMap">
        select * from tb_booking b ,tb_car c ,tb_place p,tb_parameter par
        where b.carId = c.carId and b.placeId = p.placeId and b.bookingState = par.pId ;
    </select>

    <!--   不根据carId  预约记录条数-->
    <select id="findBookingCount" resultType="Integer">
        select count(*) from tb_booking b ,tb_car c ,tb_place p,tb_parameter par
        where b.carId = c.carId and b.placeId = p.placeId and b.bookingState = par.pId ;
    </select>

    <resultMap id="bookingMap" type="com.cykj.bean.TbBooking">
        <id property="bookingId" column="bookingId" ></id>
        <result property="carId" column="carId"></result>
        <result property="placeId" column="placeId"></result>
        <result property="temporaryPhone" column="temporaryPhone"></result>
        <result property="bookingTime" column="bookingTime"></result>
        <result property="bookingState" column="bookingState"></result>
        <association property="tbCar" column="carId" javaType="com.cykj.bean.TbCar">
            <id property="carId" column="carId"></id>
            <result property="carNum" column="carNum"></result>
            <result property="userId" column="userId"></result>
        </association>
        <association property="tbPlace" column="placeId" javaType="com.cykj.bean.TbPlace">
            <id property="placeId" column="placeId"></id>
            <result property="mName" column="mName"></result>
            <result property="zone" column="zone"></result>
            <result property="isUse" column="isUse"></result>
            <result property="parkState" column="parkState"></result>
        </association>
        <association property="tbParameter" column="bookingState">
            <id property="pId" column="pId"></id>
            <result property="pType" column="pType"></result>
            <result property="pValue" column="pValue"></result>
        </association>
    </resultMap>
</mapper>