<?xml version="1.0" encoding="UTF-8" ?>
<!DOCTYPE mapper
        PUBLIC "-//mybatis.org//DTD Mapper 3.0//EN"
        "http://mybatis.org/dtd/mybatis-3-mapper.dtd">
<mapper namespace="com.cykj.mapper.CarMapper">

<!--    康春杰-->
    <!-- 添加辆车 -->
    <insert id="addCar" useGeneratedKeys="true" keyProperty="carId">
        insert into tb_car( carNum) VALUES (#{carNum})
    </insert>

<!--    根据车牌查询id-->
    <select id="findCarIdByCarNum" resultType="Integer">
        select * from tb_car where carNum = #{carNum}
    </select>

<!--    根据车牌查询是否存在-->
    <select id="findCarByCarNum" resultType="com.cykj.bean.TbCar">
        select * from tb_car where carNum = #{carNum}
    </select>


    <select id="findByUserId" resultType="com.cykj.bean.TbCar">
        select * from tb_car where userId = ${userId}
    </select>

    <!--    查询登录用户 的所有车牌-->
    <select id="findCarNum" resultType="com.cykj.bean.TbCar">
        select * from tb_car where userId = #{userId}
    </select>

<!--    车牌号查重-->
    <select id="duplicateCar" resultType="Integer">
        select  count(*) from tb_car where carNum = #{carNum} and userId = #{userId}
    </select>

<!--    车牌绑定-->
    <insert id="bindingCarNum">
        insert into tb_car(carNum, userId) values (#{carNum},#{userId})
    </insert>

<!--    根据车牌 carId 返回 carNum-->
    <select id="selCarNumByCarId" resultType="com.cykj.bean.TbCar">
        select * from tb_car where carId = #{carId}
    </select>
</mapper>