<?xml version="1.0" encoding="UTF-8" ?>
<!DOCTYPE mapper
        PUBLIC "-//mybatis.org//DTD Mapper 3.0//EN"
        "http://mybatis.org/dtd/mybatis-3-mapper.dtd">

<mapper namespace="com.cykj.mapper.CommodityMapper">

    <!--    查询列表数-->
    <select id="findCommodity" resultMap="commodityMap">
        select c.cmtId,c.spState,c.spName,c.price,c.inventory,t.spType spType,c.spDetails,p.pValue state
        from sp_commodity c ,sp_type t,tb_parameter p
        where c.teid = t.teid and c.spState = p.pId

        <if test="map.spName != null">
            and spName like #{map.spName}
        </if>
        limit #{starNum},#{endNum}

    </select>


    <resultMap id="commodityMap" type="com.cykj.bean.SpCommodity">
        <id property="cmtId" column="cmtId"></id>
        <result property="cmtId" column="cmtId"></result>
        <result property="cmtId" column="cmtId"></result>
        <result property="spState" column="spState"></result>
        <result property="teid" column="teid"></result>
        <result property="spName" column="spName"></result>
        <result property="price" column="price"></result>
        <result property="inventory" column="inventory"></result>
        <result property="spType" column="spType"></result>
        <result property="spDetails" column="spDetails"></result>
        <result property="state" column="state"></result>

        <association property="spTypes" column="teid"  javaType="com.cykj.bean.SpType">
            <id property="teid" column="teid"></id>
            <result property="spType" column="spType"></result>
        </association>

        <association property="parameter" column="spState" javaType="com.cykj.bean.TbParameter">
            <id property="pId" column="pId" ></id>
            <result property="pValue" column="pValue"></result>
        </association>

    </resultMap>

    <!--    查询记录数-->
    <select id="findComRecords" resultType="int">
        select count(cmtId) from sp_commodity where 1=1
        <if test="map != null and map.size() > 0">
            <if test="map.spName != null">
                and spName like #{map.spName}
            </if>
        </if>
    </select>

    <select id="findNameAgain" resultType="com.cykj.bean.SpCommodity">
        select spName from sp_commodity where spName=#{spName};
    </select>

    <!--    商品产品的禁用启用-->
    <update id="changeSpState">
        update sp_commodity set spState=#{spState} where cmtId = #{cmtId}
    </update>

    <!--    修改数据-->
    <update id="updateCommodity">
        update sp_commodity set
        spName=#{spName},
        price=#{price},
        inventory=#{inventory},
        teid=#{teid},
        spDetails=#{spDetails}
        where cmtId=#{cmtId}
    </update>

    <select id="findSpType" resultType="com.cykj.bean.SpType">
        select * from sp_type where 1=1
    </select>

    <!--    新增商品信息-->
    <insert id="addCommodity" parameterType="java.util.HashMap">
        insert into sp_commodity (spName,price,inventory,teid,spDetails)
        value (#{spName},#{price},#{inventory},#{teid},#{spDetails})
    </insert>

<!--    删除一条信息-->
    <delete id="delCommodity">
        delete from sp_commodity where cmtId=#{cmtId}
    </delete>

</mapper>