<?xml version="1.0" encoding="UTF-8" ?>
<!DOCTYPE mapper
        PUBLIC "-//mybatis.org//DTD Mapper 3.0//EN"
        "http://mybatis.org/dtd/mybatis-3-mapper.dtd">
<mapper namespace="com.cykj.mapper.HandleMapper">

    <select id="findByCarId" resultType="com.cykj.bean.TbHandle">
        select * from tb_handle where carId = ${carId} order by effectedTime desc limit 1
    </select>

<!--    套餐续时长方法-->
    <update id="setFinishTime">
        update tb_handle set finishTime = #{tbHandle.finishTime},orderNum = #{tbHandle.orderNum}
        where bussId = ${tbHandle.bussId}
    </update>

    <insert id="addHandle">
        insert into tb_handle values (null,${tbHandle.carId},${tbHandle.productId},
        #{tbHandle.effectedTime},#{tbHandle.finishTime},#{tbHandle.orderNum},15)
    </insert>

    <!--    康春杰-->
    <!--    通过车牌查询是否有办理 月缴-->
    <select id="findHandleByCarId" resultType="com.cykj.bean.TbHandle">
       select * from tb_handle where carId = #{carId} and handleState = #{handleState}
    </select>

    <select id="findHandlePage" parameterType="java.util.Map" resultMap="adLogRes">
        select pa.pValue,ca.carNum,us.*,pr.proName,ha.* from
        tb_car ca, tb_user us,tb_product pr,tb_handle ha,tb_parameter pa
        where ha.carId=ca.carId
        and ca.userId=us.userId
        and ha.productId=pr.proId
        and ha.handleState=pa.pId
        and ca.carNum like concat('%',#{carNum},'%')
        order by ha.bussId desc limit #{offset}, #{limit}
    </select>


    <resultMap id="adLogRes" type="com.cykj.bean.TbHandle">
        <id property="bussId" column="bussId"></id>
        <result property="effectedTime" column="effectedTime"></result>
        <result property="finishTime" column="finishTime"></result>
        <result property="handleState" column="handleState"></result>
        <association property="tbCar" column="carId" javaType="com.cykj.bean.TbCar">
            <id property="carId" column="carId" ></id>
            <result property="carNum" column="carNum"></result>
        </association>
        <association property="tbProduct" column="proId" javaType="com.cykj.bean.TbProduct">
            <id property="proId" column="proId" ></id>
            <result property="proName" column="proName"></result>
        </association>
        <association property="tbUser" column="userId" javaType="com.cykj.bean.TbUser">
            <id property="userId" column="userId" ></id>
            <result property="userName" column="userName"></result>
            <result property="account" column="account"></result>
            <result property="sex" column="sex"></result>
            <result property="phone" column="phone"></result>
            <result property="email" column="email"></result>
        </association>
        <association property="tbParameter" column="pId" javaType="com.cykj.bean.TbParameter">
            <id property="pId" column="pId" ></id>
            <result property="pValue" column="pValue"></result>
        </association>
    </resultMap>


    <select id="findHandleNum" resultType="java.lang.Integer">
        select count(*) from
        tb_car ca, tb_user us,tb_product pr,tb_handle ha,tb_parameter pa
        where ha.carId=ca.carId
        and ca.userId=us.userId
        and ha.productId=pr.proId
        and ha.handleState=pa.pId
         and ca.carNum like concat('%',#{carNum},'%')
    </select>

</mapper>