<?xml version="1.0" encoding="UTF-8" ?>
<!DOCTYPE mapper
        PUBLIC "-//mybatis.org//DTD Mapper 3.0//EN"
        "http://mybatis.org/dtd/mybatis-3-mapper.dtd">
<mapper namespace="com.cykj.mapper.LogMapper">

    <select id="findLogOnPage" parameterType="java.util.Map" resultMap="adLogRes">
        select l.*,u.aName from tb_log l,tb_admin u where l.aId = u.aId and aName like concat('%',#{aName},'%')
        <if test="beginTime != null">
            and logtime >= #{beginTime}
        </if>
        <if test="endTime != null">
            and logtime &lt;= #{endTime}
        </if>
        order by aId desc limit #{offset}, #{limit}
    </select>


    <resultMap id="adLogRes" type="com.cykj.bean.TbLog">
    <id property="logId" column="logId"></id>
    <result property="aId" column="aId"></result>
    <result property="logtime" column="logtime"></result>
    <result property="mapper" column="mapper"></result>
    <association property="tbAdmin" column="aId" javaType="com.cykj.bean.TbAdmin">
        <id property="aId" column="aId" ></id>
        <result property="aName" column="aName"></result>
    </association>
</resultMap>

    <select id="findLogNum" resultType="java.lang.Integer">
        select count(*) from tb_log l,tb_admin u where l.aId = u.aId and aName like concat('%',#{aName},'%')
        <if test="beginTime != null">
            and logtime >= #{beginTime}
        </if>
        <if test="endTime != null">
            and logtime &lt;= #{endTime}
        </if>
    </select>

    <insert id="addBackLog"  parameterType="com.cykj.bean.TbLog">
            insert into tb_log(aId,logtime,mapper) value (#{aId},#{logtime},#{mapper})
        </insert>
</mapper>

