<?xml version="1.0" encoding="UTF-8" ?>
<!DOCTYPE mapper
        PUBLIC "-//mybatis.org//DTD Mapper 3.0//EN"
        "http://mybatis.org/dtd/mybatis-3-mapper.dtd">
<mapper namespace="com.cykj.mapper.MenuMapper">
<!--    康春杰-->
<!--    根据父级 id查询 所有的父级菜单-->
    <select id="findParentMenu" resultType="com.cykj.bean.TbMenu">
        select * from tb_menu where relevanceId = #{relevanceId}
    </select>

<!--    根据 id 或 父级 id 查询已分配菜单-->
    <select id="findMenuByPid" resultType="com.cykj.bean.TbMenu">
        select m.* from tb_menu m , tb_power p where m.menuId = p.menuId and m.relevanceId!=0 and p.roleId = #{roleId} and m.relevanceId = #{relevanceId};
    </select>

<!--    根据 id 或 父级id  查询 未分配的菜单-->
    <select id="findNoneMenu" resultType="com.cykj.bean.TbMenu">
        select m1.* from tb_menu m1 left join  (select m1.* from tb_menu m1 , tb_power p where m1.menuId = p.menuId and p.roleId=#{roleId})m2
        on m1.menuId = m2.menuId where m2.menuId is null and m1.relevanceId = #{relevanceId}
    </select>


    <select id="findMenuPage" parameterType="java.util.Map" resultMap="adLogRes">
        select * from tb_menu where  menuName like concat('%',#{menuName},'%')
        order by menuId desc limit #{offset}, #{limit}
    </select>

    <resultMap id="adLogRes" type="com.cykj.bean.TbMenu">
        <id property="menuId" column="menuId"></id>
        <result property="menuName" column="menuName"></result>
        <result property="menuPath" column="menuPath"></result>
        <result property="relevanceId" column="relevanceId"></result>
    </resultMap>

    <select id="findMenuNum" resultType="java.lang.Integer">
        select count(*) from tb_menu where menuName like concat('%',#{menuName},'%')
    </select>

    <select id="findMenusByPid" resultType="com.cykj.bean.TbMenu">
    select tm.* from tb_power tcm,tb_role tc,tb_menu tm
 where tc.roleId=tcm.roleId and tcm.menuId=tm.menuId
   and tcm.roleId = #{roleId} and tm.relevanceId = #{relevanceId}
    </select>

    <select id="alreadyMenu" resultType="com.cykj.bean.TbMenu">
    select tm.* from tb_power tcm,tb_role tc,tb_menu tm
 where tc.roleId=tcm.roleId and tcm.menuId=tm.menuId
   and tcm.roleId = #{roleId} and tm.relevanceId != 0
    </select>
    <select id="laterMenu" resultType="com.cykj.bean.TbMenu">
    select m1.* from tb_menu m1 left join (
    select m.menuId, m.menuName, m.menuPath, m.relevanceId
    from tb_menu m ,tb_power p
    where m.menuId = p.menuId and p.roleId = #{roleid})m2
    on m1.menuId = m2.menuId
    where m2.relevanceId is null

    </select>
    <select id="Menu" resultType="com.cykj.bean.TbMenu">
        select * from tb_menu
    </select>
    <delete id="deleteMenu" parameterType="int">
        delete from tb_menu where menuId = #{menuId}
    </delete>
    <update id="updateMenu">
        update tb_menu set menuName=#{menuName}, menuPath=#{menuPath},relevanceId=#{relevanceId} where menuId=#{menuId};
    </update>
    <insert id="insertMenu">
        insert into tb_menu(menuName,menuPath,relevanceId) value (#{menuName},#{menuPath},#{relevanceId})
    </insert>


</mapper>
