<?xml version="1.0" encoding="UTF-8" ?>
<!DOCTYPE mapper
        PUBLIC "-//mybatis.org//DTD Mapper 3.0//EN"
        "http://mybatis.org/dtd/mybatis-3-mapper.dtd">
<mapper namespace="com.cykj.mapper.ParameterMapper">

    <select id="findParameterOnPage" parameterType="java.util.Map" resultMap="adLogRes">
        select * from tb_parameter where  pType like concat('%',#{pType},'%')
<!--        <if test="beginTime != null">-->
<!--            and logtime >= #{beginTime}-->
<!--        </if>-->
<!--        <if test="endTime != null">-->
<!--            and logtime &lt;= #{endTime}-->
<!--        </if>-->
        order by pId desc limit #{offset}, #{limit}
    </select>


    <resultMap id="adLogRes" type="com.cykj.bean.TbParameter">
        <id property="pId" column="pId"></id>
        <result property="pType" column="pType"></result>
        <result property="pValue" column="pValue"></result>
    </resultMap>


    <select id="findParameterNum" resultType="java.lang.Integer">
        select count(*) from tb_parameter where pType like concat('%',#{pType},'%')
<!--        <if test="beginTime != null">-->
<!--            and logtime >= #{beginTime}-->
<!--        </if>-->
<!--        <if test="endTime != null">-->
<!--            and logtime &lt;= #{endTime}-->
<!--        </if>-->
    </select>

    <select id="selectParameter" resultType="com.cykj.bean.TbParameter">
        select * from tb_parameter
    </select>

    <delete id="deleteParameter" parameterType="int">
        delete from tb_parameter where pId = #{pId}
    </delete>

    <update id="updateParameter">
        update tb_parameter set pType=#{pType}, pValue=#{pValue}  where pId=#{pId};
    </update>

    <insert id="insertParameter">
        insert into tb_parameter(pType,pValue) value (#{pType},#{pValue})
    </insert>

    <select id="findByType" resultType="string">
        select pValue from tb_parameter where pType = #{pType}
    </select>


    <select id="findTypeList" resultType="com.cykj.bean.TbParameter">
        select * from tb_parameter where pType = #{pType}
    </select>



</mapper>
