<?xml version="1.0" encoding="UTF-8" ?>
<!DOCTYPE mapper
        PUBLIC "-//mybatis.org//DTD Mapper 3.0//EN"
        "http://mybatis.org/dtd/mybatis-3-mapper.dtd">
<mapper namespace="com.cykj.mapper.ParkMapper">
    
    <select id="findByCarNum" resultType="com.cykj.bean.TbPark">
        select * from tb_park p, tb_car car where car.carNum = #{carNum}
        and car.carId = p.carId and p.parkState = 20 limit 1
    </select>
    
<!--    康春杰-->
<!--    将 carId / placeId添加至 停车表 中-->
    <insert id="addParkInfo" parameterType="com.cykj.bean.TbPark">
        insert into tb_park(carId, placeId, enterTime,enterImg,parkState) values (#{carId},#{placeId},sysdate(),#{enterImg},#{parkState})
    </insert>

<!--    修改车牌出去的 /时间/出去的图片/状态   -->
    <update id="updateInfo" >
        update tb_park set outTime = sysdate(),outImg = #{outImg},parkState = #{parkState} where parkId = #{parkId}
    </update>

<!--    查询车辆是否在车库 -->
    <select id="findCarWhetherIn" resultType="com.cykj.bean.TbPark">
        select * from tb_park where carId = #{carId} and parkState = #{parkState};
    </select>

    <!--    查询停车信息-->
    <select id="findParkTime" resultType="com.cykj.bean.TbPark">
        select * from tb_park where parkId = #{parkId}
    </select>

    <!--    联表查询车位图片-->
    <select id="findCarImg" resultType="com.cykj.bean.TbPark">
        select pa.* from tb_park pa , tb_place pl  where pl.placeId = pa.placeId and  pl.mName = #{mName} and pa.parkState = 20
    </select>

<!--——————————————————————————————-->
    <select id="findParkByCarNum" resultType="com.cykj.bean.TbPark">
        select p.* from tb_park p,tb_car car where car.carNum = #{carNum} and parkId = #{parkId}
        and car.carId = p.carId limit 1;
    </select>

    <!--    根据车牌号和入场时间查询车位信息-->
    <select id="findParkByNumt" resultType="com.cykj.bean.TbPark">
        select p.* from tb_park p,tb_car car where car.carNum = #{carNum}
        and car.carId = p.carId and p.enterTime = #{enterTime} limit 1;
    </select>

    <!--    查询当日停车总数-->
    <select id="findRecords" resultType="int">
        select count(parkId) from tb_park where enterTime &gt;= #{startTime}
        and enterTime &lt;= #{endTime}
    </select>
</mapper>