<?xml version="1.0" encoding="UTF-8" ?>
<!DOCTYPE mapper
        PUBLIC "-//mybatis.org//DTD Mapper 3.0//EN"
        "http://mybatis.org/dtd/mybatis-3-mapper.dtd">
<mapper namespace="com.cykj.mapper.PlaceMapper">

    <select id="findByCarNum" resultType="com.cykj.bean.TbPlace">
        select p.* from tb_place p, tb_car car, tb_park pa
        where car.carNum = #{carNum} and pa.parkState = 20 and outTime = ''
        and car.carId = pa.carId and pa.placeId = p.placeId
    </select>

    <select id="findRecords" resultType="int">
        select count(placeId) from tb_place where 1 = 1

        <if test="condition != null and condition.size() > 0">
            <if test="condition.placeName != null">
                and placeName like #{condition.placeName}
            </if>

            <if test="condition.zone != null">
                and zone = #{condition.zone}
            </if>

            <if test="condition.isUse != null">
                and isUse = #{condition.isUse}
            </if>

            <if test="condition.parkState != null">
                and parkState = #{condition.parkState}
            </if>
        </if>
    </select>

    <select id="findPlacesByPage" resultType="com.cykj.bean.TbPlace">
        select * from tb_place where 1 = 1

        <if test="condition != null and condition.size() > 0">
            <if test="condition.placeName != null">
                and placeName like #{condition.placeName}
            </if>

            <if test="condition.zone != null">
                and zone = #{condition.zone}
            </if>

            <if test="condition.isUse != null">
                and isUse = #{condition.isUse}
            </if>

            <if test="condition.parkState != null">
                and parkState = #{condition.parkState}
            </if>
        </if>

        limit ${startIndex} , ${endIndex}
    </select>

    <update id="changeState">
        update tb_place set isUse = #{place.isUse} where placeId = #{place.placeId}
    </update>

    <select id="findZones" resultType="string">
        select distinct zone from tb_place
    </select>

    <select id="selectPlace" resultType="com.cykj.bean.TbPlace">
        select * from tb_place where mName = #{mName}
    </select>

    <select id="findByZoneName" resultType="com.cykj.bean.TbPlace">
        select * from tb_place where zone = #{zone} and placeName = #{placeName} limit 1
    </select>

    <update id="setPlace">
        update tb_place set placeName = #{myPlace.placeName}, zone = #{myPlace.zone},
        pointX = #{myPlace.pointX},pointY = #{myPlace.pointY},
        isUse = #{myPlace.isUse},parkState = #{myPlace.parkState}
        where placeId = #{myPlace.placeId};
    </update>

<!--    根据停车状态查询车位信息-->
    <select id="findByState" resultType="com.cykj.bean.TbPlace">
        select * from tb_place where parkState = ${parkState}
    </select>

<!--    根据车位状态查询车位信息-->
    <select id="findByUsed" resultType="com.cykj.bean.TbPlace">
        select * from tb_place where isUse = ${isUse}
    </select>

    <!--    康春杰-->
    <!--    查询所有车位-->
    <select id="findPlaceByParkState" parameterType="String" resultType="Integer">
        select count(*) PlaceNum from tb_place where 1=1
        <if test="parkState!=null">
            <if test="parkState=='usable'.toString()">
                and isUse = 6 and parkState = 9
            </if>
            <if test="parkState=='used'.toString()">
                and isUse = 6 and parkState = 10
            </if>
        </if>
    </select>

    <!--  康春杰  拿到一个可停的车位-->
    <select id="findUsableStall" resultType="com.cykj.bean.TbPlace">
        select * from tb_place where isUse=6 and parkState = 9 limit  1
    </select>

<!--  康春杰  将车位设置为已使用-->
    <update id="upParkState" parameterType="Integer">
        update tb_place set parkState = ${parkState} where placeId =  ${placeId}
    </update>

<!--  康春杰  根据状态 动态获取 车位信息-->
    <select id="findBookingPlace" resultType="com.cykj.bean.TbPlace">
        select * from tb_place where 1=1
        <if test="zone!=null and zone!=''">
            and zone = #{zone}
        </if>
        <if test="0!=isUse">
            and isUse = #{isUse}
        </if>
        <if test="0!=parkState">
            and parkState = #{parkState}
        </if>
    </select>
<!-- 康春杰 动态查询车位 可用 或不可用的数量  -->
    <select id="findBookingCount" resultType="Integer">
        select count(*) from tb_place where 1=1
        <if test="zone!=null and zone!=''">
            and zone = #{zone}
        </if>
        <if test="0!=isUse">
            and isUse = #{isUse}
        </if>
        <if test="0!=parkState">
            and parkState = #{parkState}
        </if>
    </select>

<!--  康春杰  查询车位 区域-->
    <select id="findZone" resultType="com.cykj.bean.TbPlace">
         select distinct zone from tb_place ;
    </select>

<!-- 康春杰：根据placeId 查询车位   -->
    <select id="findPlaceByPlaceId" resultType="com.cykj.bean.TbPlace">
        select * from tb_place where placeId = #{placeId}
    </select>

<!--——————————————————————————-->

</mapper>