<?xml version="1.0" encoding="UTF-8" ?>
<!DOCTYPE mapper
        PUBLIC "-//mybatis.org//DTD Mapper 3.0//EN"
        "http://mybatis.org/dtd/mybatis-3-mapper.dtd">
<mapper namespace="com.cykj.mapper.PowerMapper">

    <delete id="deletePower" parameterType="int" >
    delete from tb_power where roleId=#{roleId}
    </delete>
    <insert id="insertPower">
        insert into tb_power(menuId, roleId) values (#{menuId},#{roleId});
    </insert>

<!--  查询所有的权限id等信息  -->
    <delete id="deleteAllPower" >
        delete from tb_power where roleId = #{roleId}
    </delete>

    <insert id="addPower" >
        insert into tb_power( menuId, roleId) values (#{menuId},#{roleId})
    </insert>


</mapper>