<?xml version="1.0" encoding="UTF-8" ?>
<!DOCTYPE mapper
        PUBLIC "-//mybatis.org//DTD Mapper 3.0//EN"
        "http://mybatis.org/dtd/mybatis-3-mapper.dtd">

<mapper namespace="com.cykj.mapper.ProductMapper">

<!--    获取可办理产品的信息-->
    <select id="getProducts" resultType="com.cykj.bean.TbProduct">
        select * from tb_product where proState = 27 limit 4
    </select>


<!--    查询记录数-->
    <select id="findRecords" resultType="int">
        select count(proName) from tb_product where 1 = 1
        <if test="map != null and map.size() > 0">
            <if test="map.proName != null">
                and proName like #{map.proName}
            </if>
        </if>
    </select>

    <select id="findNameAgain" resultType="com.cykj.bean.TbProduct">
        select proName from tb_product where proName=#{proName};
    </select>


    <!--搜索产品-->
    <select id="findProduct" resultType="com.cykj.bean.TbProduct">
        select * from tb_product where 1=1
        <if test="map.proName != null">
            and proName like #{map.proName}
        </if>

        limit #{starNum},#{endNum}
    </select>

    <!--删除一条月缴产品信息-->
    <update id="delProduct">
        update tb_product set
        proState=29
        where proId = #{proId}
    </update>

    <!--恢复删除-->
    <update id="recoverProduct">
        update tb_product set
        proState=27
        where proId = #{proId}
    </update>

    <!--    修改一条产品数据-->
    <update id="updateProduct" parameterType="java.util.HashMap">
        update tb_product set
         proName=#{proName},
         proDeadline=#{proDeadline},
         proUnit=#{proUnit},
         proPrice=#{proPrice}
        where proId = #{proId}
    </update>

    <!--    月缴产品的禁用启用-->
    <update id="changeProState">
        update tb_product set proState=#{proState} where proId = #{proId}
    </update>

    <!--    新增一条月缴产品数据-->
    <insert id="addProduct">
        insert into tb_product (proName,proDeadline,proUnit,proPrice)
        value (#{proName},#{proDeadline},#{proUnit},#{proPrice})
    </insert>

</mapper>