<?xml version="1.0" encoding="UTF-8" ?>
<!DOCTYPE mapper
        PUBLIC "-//mybatis.org//DTD Mapper 3.0//EN"
        "http://mybatis.org/dtd/mybatis-3-mapper.dtd">
<mapper namespace="com.cykj.mapper.RecordMapper">

    <!--    康春杰-->
    <!--    将 车牌的 消费记录 记录进去-->
    <insert id="addRecord" parameterType="com.cykj.bean.TbRecord" useGeneratedKeys="true" keyProperty="recordId">
        insert into tb_record (parkId, parkTime, moneyPay,type) VALUES (#{parkId},#{parkTime},#{moneyPay},#{type})
    </insert>


<!--    根据停车id查询消费记录-->
    <select id="findByParkId" resultType="com.cykj.bean.TbRecord">
        select * from tb_record where parkId = ${parkId}
    </select>

    <update id="updateOutTradeNo">
        update tb_record set outTradeNo = #{outTradeNo} where recordId = #{recordId}
    </update>

    <select id="findRecordPage" parameterType="java.util.Map" resultMap="adLogRes">
        select pm.pValue,db.* from tb_parameter pm join (select ca.carNum,ca.userId,cd.* from tb_car ca
        join (select re.*,pa.carId,pa.enterTime,pa.outTime
        from tb_record re join tb_park pa on re.parkId=pa.parkId)cd
        on ca.carId=cd.carId)db
        on pm.pId=db.type
        where db.carNum like concat('%',#{carNum},'%')
        order by  db.recordId desc limit #{offset}, #{limit}
    </select>

<!--    查询各类型收费-->
    <select id="getFeeCensus" resultType="int">
        select count(recordId) from tb_record r,tb_park p where type = ${type}
        and r.parkId = p.parkId

        <if test="startTime != '' and startTime != null">
            and p.outTime &gt;= #{startTime}
        </if>

        <if test="endTime != '' and endTime != null">
            and p.outTime &lt;= #{endTime}
        </if>
    </select>

    <resultMap id="adLogRes" type="com.cykj.bean.TbRecord">
        <id property="recordId" column="recordId"></id>
        <result property="parkId" column="parkId"></result>
        <result property="parkTime" column="parkTime"></result>
        <result property="moneyPay" column="moneyPay"></result>
        <result property="type" column="type"></result>
        <association property="tbCar" column="carId" javaType="com.cykj.bean.TbCar">
            <id property="carId" column="carId" ></id>
            <result property="carNum" column="carNum"></result>
            <result property="userId" column="userId"></result>
        </association>
        <association property="tbPark" column="parkId" javaType="com.cykj.bean.TbPark">
            <id property="parkId" column="parkId" ></id>
            <result property="carId" column="carId"></result>
            <result property="enterTime" column="enterTime"></result>
            <result property="outTime" column="outTime"></result>
        </association>
        <association property="tbParameter" column="pId" javaType="com.cykj.bean.TbParameter">
            <id property="pId" column="pId" ></id>
            <result property="pValue" column="pValue"></result>
        </association>
    </resultMap>


    <select id="findRecordNum" resultType="java.lang.Integer">
        select count(*) from
        tb_parameter pm join (select ca.carNum,ca.userId,cd.* from tb_car ca
        join (select re.*,pa.carId,pa.enterTime,pa.outTime
        from tb_record re join tb_park pa on re.parkId=pa.parkId)cd
        on ca.carId=cd.carId)db
        on pm.pId=db.type
        where db.carNum like concat('%',#{carNum},'%')

        <if test="startTime != '' and startTime != null">
            and p.outTime &lt;= #{endTime}
        </if>

    </select>

</mapper>