<?xml version="1.0" encoding="UTF-8" ?>
<!DOCTYPE mapper
        PUBLIC "-//mybatis.org//DTD Mapper 3.0//EN"
        "http://mybatis.org/dtd/mybatis-3-mapper.dtd">
<mapper namespace="com.cykj.mapper.RefundMapper">

    <select id="findRefundPage" parameterType="java.util.Map" resultMap="adLogRes">
        select * from tb_product pro,tb_refund red
        where pro.proId=red.proId
        and pro.proName like concat('%',#{proName},'%')
        order by red.redId desc limit #{offset}, #{limit}
    </select>


    <resultMap id="adLogRes" type="com.cykj.bean.TbRefund">
        <id property="redId" column="redId"></id>
        <result property="proId" column="proId"></result>
        <result property="redTime" column="redTime"></result>
        <result property="unit" column="unit"></result>
        <result property="money" column="money"></result>
        <association property="tbProduct" column="userId" javaType="com.cykj.bean.TbProduct">
            <id property="proId" column="proId" ></id>
            <result property="proName" column="proName"></result>
        </association>
    </resultMap>


    <select id="findRefundNum" resultType="java.lang.Integer">
        select count(*) from
         tb_product pro,tb_refund red
        where pro.proId=red.proId
        and pro.proName like concat('%',#{proName},'%')
    </select>

</mapper>
