<?xml version="1.0" encoding="UTF-8" ?>
<!DOCTYPE mapper
        PUBLIC "-//mybatis.org//DTD Mapper 3.0//EN"
        "http://mybatis.org/dtd/mybatis-3-mapper.dtd">
<mapper namespace="com.cykj.mapper.RoleMapper">
    <select id="findRolePage" parameterType="java.util.Map" resultMap="adLogRes">
        select * from tb_role where  userRole like concat('%',#{userRole},'%')
        order by roleId desc limit #{offset}, #{limit}
    </select>

    <resultMap id="adLogRes" type="com.cykj.bean.TbRole">
        <id property="roleId" column="roleId"></id>
        <result property="userRole" column="userRole"></result>
    </resultMap>

    <select id="findRoleNum" resultType="java.lang.Integer">
        select count(*) from tb_role where userRole like concat('%',#{userRole},'%')
    </select>

    <select id="roleSelect" resultType="com.cykj.bean.TbRole">
    select * from tb_role
    </select>

    <update id="updateRole">
        update tb_role set userRole=#{userRole} where roleId=#{roleId};
    </update>
    <insert id="insertRole">
        insert into tb_role(userRole) values (#{userRole})
    </insert>
<!--    根据收费员id，查询排班信息-->
    <select id="findRole" resultType="com.cykj.bean.TbRole">
        select * from tb_role
    </select>

</mapper>
