<?xml version="1.0" encoding="UTF-8" ?>
<!DOCTYPE mapper
        PUBLIC "-//mybatis.org//DTD Mapper 3.0//EN"
        "http://mybatis.org/dtd/mybatis-3-mapper.dtd">
<mapper namespace="com.cykj.mapper.RuleMapper">

<!--    查询当前使用中的计费规则-->
    <select id="selUsingRule" resultType="com.cykj.bean.TbRule">
        select * from tb_rule where ruleState > 0 limit 1
    </select>

<!--    待条件查询数据总数-->
    <select id="findRecords" resultType="int">
        select count(ruleId) from tb_rule where 1 = 1

        <if test="condition != null and condition.size() > 0">
            <if test="condition.ruleName != null">
                and ruleName like #{condition.ruleName}
            </if>

            <if test="condition.ruleState != null">
                and ruleState = #{condition.ruleState}
            </if>

            <if test="condition.sOneTime != null">
                and startDay &gt;= #{condition.sOneTime}
            </if>

            <if test="condition.sTwoTime != null">
                and startDay &lt;= #{condition.sTwoTime}
            </if>

            <if test="condition.eOneTime != null">
                and endDay &gt;= #{condition.eOneTime}
            </if>

            <if test="condition.eTwoTime != null">
                and endDay &lt;= #{condition.eTwoTime}
            </if>
        </if>
    </select>


<!--    分页查询规则数据-->
    <select id="findRulesByPage" resultType="com.cykj.bean.TbRule">
        select * from tb_rule where 1 = 1

        <if test="condition != null and condition.size() > 0">
            <if test="condition.ruleName != null">
                and ruleName like #{condition.ruleName}
            </if>

            <if test="condition.ruleState != null">
                and ruleState = #{condition.ruleState}
            </if>

            <if test="condition.sOneTime != null">
                and startDay &gt;= #{condition.sOneTime}
            </if>

            <if test="condition.sTwoTime != null">
                and startDay &lt;= #{condition.sTwoTime}
            </if>

            <if test="condition.eOneTime != null">
                and endDay &gt;= #{condition.eOneTime}
            </if>

            <if test="condition.eTwoTime != null">
                and endDay &lt;= #{condition.eTwoTime}
            </if>
        </if>

        limit ${startIndex} , ${endIndex}
    </select>


<!--    修改规则状态方法-->
    <update id="changeState">
        update tb_rule set ruleState = #{rule.ruleState} where ruleId = ${rule.ruleId}
    </update>

<!--    修改规则信息方法-->
    <update id="setRule">
        update tb_rule set ruleName = #{rule.ruleName}, ruleState = ${rule.ruleState},
        startDay = #{rule.startDay}, endDay = #{rule.endDay}, isFree = ${rule.isFree},
        baseTime = ${rule.baseTime}, basicMoney = ${rule.basicMoney}, oneLevel = ${rule.oneLevel},
        oneMoney = ${rule.oneMoney}, twoLevel = ${rule.twoLevel}, twoMoney = ${rule.twoMoney},
        thirdLevel = ${rule.thirdLevel}, thirdMoney = ${rule.thirdMoney} where ruleId = ${rule.ruleId}
    </update>


<!--    根据规则名字，查询是否已存在相同名字规则-->
    <select id="legal" resultType="com.cykj.bean.TbRule">
        select * from tb_rule where ruleName = #{ruleName}
    </select>


<!--    新增规则方法-->
    <insert id="newRule">
        insert into tb_rule values (null,#{rule.ruleName},${rule.ruleState},#{rule.startDay}
        #{rule.endDay},${rule.isFree},${rule.baseTime},${rule.basicMoney},${rule.oneLevel},
        ${rule.oneMoney},${rule.twoLevel},${rule.twoMoney},${rule.thirdLevel},${rule.thirdMoney})
    </insert>
</mapper>