<?xml version="1.0" encoding="UTF-8" ?>
<!DOCTYPE mapper
        PUBLIC "-//mybatis.org//DTD Mapper 3.0//EN"
        "http://mybatis.org/dtd/mybatis-3-mapper.dtd">

<mapper namespace="com.cykj.mapper.SchedulesMapper">

    <!--    查询列表数-->
    <select id="findSchedule" resultMap="scheduleMap">
        select s.sId,s.workId,a.aName saName,s.workday saWorkday,w.starTime saStarTime,w.endTime saEndTime,p.pValue saState
        from tb_admin a ,tb_work w ,tb_schedules s,tb_parameter p
        where a.aId = s.adminId and w.wId = s.workId and s.scheduleState = p.pId
        <if test="map.saName != null">
            and aName like #{map.saName}
        </if>
        <if test="map.saStarTime !=null">
            and workDay >= #{map.saStarTime}
        </if>
        <if test="map.saEndTime !=null">
            and workDay &lt;= #{map.saEndTime}
        </if>
        limit #{starNum},#{endNum}

    </select>


    <resultMap id="scheduleMap" type="com.cykj.bean.TbSchedules">
        <id property="sId" column="sId"></id>
        <result property="sId" column="sId"></result>
        <result property="workId" column="workId"></result>
        <result property="adminId" column="adminId"></result>
        <result property="workId" column="workId"></result>
        <result property="workday" column="workday"></result>
        <result property="scheduleState" column="scheduleState"></result>
        <result property="saName" column="saName"></result>
        <result property="saWorkday" column="saWorkday"></result>
        <result property="saStarTime" column="saStarTime"></result>
        <result property="saEndTime" column="saEndTime"></result>
        <result property="saState" column="saState"></result>


        <association property="admins" column="adminId"  javaType="com.cykj.bean.TbAdmin">
            <id property="aId" column="aId"></id>
            <result property="aName" column="aName"></result>
        </association>

        <association property="works" column="adminId" javaType="com.cykj.bean.TbWork">
            <id property="wId" column="wId" ></id>
            <result property="starTime" column="starTime"></result>
            <result property="endTime" column="endTime"></result>
        </association>

        <association property="parameter" column="scheduleState" javaType="com.cykj.bean.TbParameter">
            <id property="pId" column="pId" ></id>
            <result property="pValue" column="pValue"></result>
        </association>

    </resultMap>

    <!--    查询记录数-->
    <select id="findRecords" resultType="int">
        select count(*) from tb_schedules s,tb_admin a where s.adminId = a.aId
        <if test="map.saName != null">
            and aName like #{map.saName}
        </if>
        <if test="map.saStarTime !=null">
            and workDay >= #{map.saStarTime}
        </if>
        <if test="map.saEndTime !=null">
            and workDay &lt;= #{map.saEndTime}
        </if>
    </select>
    <!--    删除一条值班信息-->
    <delete id="delSchedule">
        delete from tb_schedules where sId=#{sId}
    </delete>
    <!--    修改数据-->
    <update id="updateSchedule" parameterType="java.util.HashMap">
        update tb_schedules set
        workDay=#{saWorkday},
        workId=#{workId},
        scheduleState=#{saState}
        where sId=#{sId}
    </update>
    <!--    新增排班信息-->
    <insert id="addSchedule" parameterType="java.util.HashMap">
        insert into tb_schedules (adminId,workDay,workId,scheduleState)
        value (#{adminId},#{saWorkday},#{workId},#{saState})
    </insert>

    <select id="findAdminName" resultType="com.cykj.bean.TbAdmin">
        select * from tb_admin where 1=1
    </select>

    <select id="findBySid" resultType="com.cykj.bean.TbSchedules">
        select * from tb_schedules where sId = ${id}
    </select>

    <!--    根据收费员id，查询排班信息-->
    <select id="findByAdminId" resultType="com.cykj.bean.TbSchedules">
        select s.* from tb_schedules s,tb_work w where adminId = ${adminId}
        and workDay = #{workDay} and s.workId = w.wId
        and #{time} &gt;= w.starTime and #{time} &lt;= w.endTime
        and scheduleState = 17 limit 1
    </select>

</mapper>