<?xml version="1.0" encoding="UTF-8" ?>
<!DOCTYPE mapper
        PUBLIC "-//mybatis.org//DTD Mapper 3.0//EN"
        "http://mybatis.org/dtd/mybatis-3-mapper.dtd">
<mapper namespace="com.cykj.mapper.StatisticsMapper">

<!--    <select id="findStatistics" resultType="int">-->
<!--        select count(*) from tb_handle h,tb_product p-->
<!--        where date_format(h.effectedTime,'%Y-%m')=date_format(DATE_SUB(#{times}, INTERVAL #{i} MONTH),'%Y-%m')-->
<!--        and h.productId = p.proId and h.productId = #{productId}-->
<!--    </select>-->
    <select id="findComboMenu" resultType="int">
        select count(*) from tb_handle h,tb_product p
        where h.productId = p.proId and h.productId = #{productId}
    </select>

    <select id="findusergrowth" resultType="int">
    select count(*) from tb_park pa,tb_record re
    where date_format(pa.outTime,'%Y-%m')=date_format(DATE_SUB(#{nowData}, INTERVAL #{mouth} MONTH),'%Y-%m')
    and pa.parkId = re.parkId and type = #{userType}
    </select>

    <select id="findwhiteuser" resultType="int">
    select count(*) from tb_white wf
    where date_format(wf.regtime,'%y-%m')=date_format(DATE_SUB(#{nowData}, INTERVAL #{mouth} MONTH),'%y-%m')
    </select>
</mapper>
