<?xml version="1.0" encoding="UTF-8" ?>
<!DOCTYPE mapper
        PUBLIC "-//mybatis.org//DTD Mapper 3.0//EN"
        "http://mybatis.org/dtd/mybatis-3-mapper.dtd">
<mapper namespace="com.cykj.mapper.UserMapper">
<!--查询停车次数-->
    <select id="stopNumber" resultType="int">
        select count(*) from tb_park pa,tb_car ca,tb_user u
        where pa.carId = ca.carId
          and u.userId = ca.userId
          and u.userId = #{userId}
    </select>

<!--—————————康春杰———————————-->
<!--—————————2020年11月24日21:10:12———————————-->
<!--    用户登录-->
    <select id="userLogin" resultType="com.cykj.bean.TbUser">
        select * from tb_user where account = #{account} and password = #{password}
    </select>

    <update id="resetPassword" >
        update tb_user set password = #{password} where  userId = #{userId}
    </update>

    <!--    根据ID用户信息-->
    <select id="findUserInfo" resultType="com.cykj.bean.TbUser">
        select * from tb_user where userId = #{userId}
    </select>

<!-- ———————————————————————— -->
<!--  返回 用户订单 -->
    <select id="findUserOrder" parameterType="java.util.HashMap" resultMap="handleMap">
        select * from tb_car car,  tb_handle h ,tb_parameter par,tb_product pro
        <where>
            car.carId = h.carId and pro.proId = h.productId and par.pId = h.handleState
            and car.carNum = #{carNum}
            <if test="effectedTime != null and effectedTime != ''">
                and  DATE(h.effectedTime) >= #{effectedTime}
            </if>
            <if test="finishTime != null and finishTime != ''">
                and #{finishTime} >= DATE(h.finishTime)
            </if>
            <if test="proName != null and proName != ''">
                and pro.proName = #{proName}
            </if>
            <if test="pValue != null and pValue != ''">
                and par.pValue = #{pValue}
            </if>
        </where>
        limit #{page},#{limit}
    </select>

    <resultMap id="handleMap" type="com.cykj.bean.TbHandle">
        <id property="bussId" column="bussId"></id>
        <result property="effectedTime" column="effectedTime"></result>
        <result property="finishTime" column="finishTime"></result>
        <association property="tbCar" column="carId" javaType="com.cykj.bean.TbCar">
            <id property="carId" column="carId"></id>
            <result property="carNum" column="carNum"></result>
        </association>
        <association property="tbProduct" column="productId" javaType="com.cykj.bean.TbProduct">
            <id property="proId" column="proId"></id>
            <result property="proName" column="proName"></result>
            <result property="proPrice" column="proPrice"></result>
        </association>
        <association property="tbParameter" column="handleState" javaType="com.cykj.bean.TbParameter">
            <id property="pId" column="pId"></id>
            <result property="pValue" column="pValue"></result>
        </association>
    </resultMap>

    <select id="findUserOrderRecord" parameterType="java.util.HashMap" resultType="Integer">
        select count(*) from tb_car car,  tb_handle h ,tb_parameter par,tb_product pro
        <where>
            car.carId = h.carId and pro.proId = h.productId and par.pId = h.handleState
            and car.carNum = #{carNum}
            <if test="effectedTime != null and effectedTime != ''">
                and  DATE(h.effectedTime) > #{effectedTime}
            </if>
            <if test="finishTime != null and finishTime != ''">
                and    #{finishTime} > DATE(h.finishTime)
            </if>
            <if test="proName != null and proName != ''">
                and pro.proName =#{proName}
            </if>
            <if test="pValue != null and pValue != ''">
                and par.pValue =#{pValue}
            </if>
        </where>
    </select>


</mapper>