<?xml version="1.0" encoding="UTF-8" ?>
<!DOCTYPE mapper
        PUBLIC "-//mybatis.org//DTD Mapper 3.0//EN"
        "http://mybatis.org/dtd/mybatis-3-mapper.dtd">
<mapper namespace="com.cykj.mapper.WhiteMapper">

    <select id="findWhitePage" parameterType="java.util.Map" resultMap="whitelog">
        select * from tb_white where  carNum like concat('%',#{carNum},'%')
        <if test="beginTime != null">
            and regtime >= #{beginTime}
        </if>
        <if test="endTime != null">
            and regtime &lt;= #{endTime}
        </if>
        order by whiteId desc limit #{offset}, #{limit}
    </select>

    <resultMap id="whitelog" type="com.cykj.bean.TbWhite">
        <id property="whiteId" column="whiteId"></id>
        <result property="carNum" column="carNum"></result>
        <result property="wState" column="wState"></result>
    </resultMap>

    <select id="findWhiteNum" resultType="java.lang.Integer">
        select count(*) from tb_white where  carNum like concat('%',#{carNum},'%')
        <if test="beginTime != null">
            and regtime >= #{beginTime}
        </if>
        <if test="endTime != null">
            and regtime &lt;= #{endTime}
        </if>
    </select>

    <select id="whiteUser" resultType="com.cykj.bean.TbWhite">
        select * from  tb_white
    </select>

    <delete id="delWhiteById" >
    delete from tb_white where whiteId=#{whiteid}
</delete>

    <!--    添加用户-->
    <insert id="addWhite" parameterType="com.cykj.bean.TbWhite">
        insert into tb_white(carNum,regtime,wState) value (#{carNum},sysDate(),1)
    </insert>

<!--    状态修改-->
    <update id="changewhiteState">
        update tb_white set wState=#{wState} where whiteId=#{whiteId}
    </update>

    <!--    康春杰-->
    <!--    通过车牌查询白名单-->
    <select id="findWhiteByCarNum" resultType="com.cykj.bean.TbWhite">
        select * from tb_white where carNum = #{carNum}
    </select>

</mapper>